registro_ans,fonte
0,Outros
19,Outros
27,Seguradora Especializada em Saúde
43,Seguradora Especializada em Saúde
361,Seguradora Especializada em Saúde
477,Seguradora Especializada em Saúde
515,Seguradora Especializada em Saúde
582,Seguradora Especializada em Saúde
701,Seguradora Especializada em Saúde
884,Seguradora Especializada em Saúde
1000,Cooperativa Médica
5622,Seguradora Especializada em Saúde
5711,Seguradora Especializada em Saúde
6246,Seguradora Especializada em Saúde
6980,Seguradora Especializada em Saúde
123456,Outros
300012,Medicina de Grupo
300136,Cooperativa Médica
300713,Cooperativa Médica
300748,Filantropia
300870,Cooperativa Médica
300926,Medicina de Grupo
301043,Medicina de Grupo
301060,Cooperativa Médica
301124,Cooperativa Médica
301311,Cooperativa Médica
301337,Cooperativa Médica
301396,Medicina de Grupo
301574,Cooperativa Médica
301728,Medicina de Grupo
301744,Cooperativa Médica
301906,Medicina de Grupo
302091,Autogestão
302147,Medicina de Grupo
302228,Cooperativa Médica
302490,Medicina de Grupo
302627,Autogestão
302694,Medicina de Grupo
302872,Medicina de Grupo
302881,Filantropia
302953,Cooperativa Médica
303178,Cooperativa Médica
303267,Cooperativa Médica
303356,Cooperativa Médica
303364,Medicina de Grupo
303623,Medicina de Grupo
303691,Medicina de Grupo
303739,Medicina de Grupo
303844,Cooperativa Médica
303976,Cooperativa Médica
304051,Cooperativa Médica
304107,Medicina de Grupo
304123,Cooperativa Médica
304131,Autogestão
304158,Cooperativa Médica
304212,Medicina de Grupo
304344,Cooperativa Médica
304395,Cooperativa Médica
304468,Cooperativa Médica
304476,Cooperativa Médica
304531,Medicina de Grupo
304697,Autogestão
304701,Cooperativa Médica
304883,Cooperativa Médica
305227,Cooperativa Médica
305472,Cooperativa Médica
305626,Medicina de Grupo
305928,Medicina de Grupo
305995,Medicina de Grupo
306045,Filantropia
306100,Cooperativa Médica
306126,Cooperativa Médica
306207,Filantropia
306398,Cooperativa Médica
306428,Filantropia
306444,Medicina de Grupo
306525,Autogestão
306622,Medicina de Grupo
306649,Medicina de Grupo
306665,Cooperativa Médica
306754,Autogestão
306762,Cooperativa Médica
306886,Cooperativa Médica
306959,Cooperativa Médica
307319,Autogestão
307751,Autogestão
308005,Filantropia
308811,Cooperativa Médica
309028,Medicina de Grupo
309087,Cooperativa Médica
309192,Medicina de Grupo
309222,Medicina de Grupo
309231,Medicina de Grupo
309338,Medicina de Grupo
309362,Autogestão
309401,Medicina de Grupo
309524,Cooperativa Médica
309699,Medicina de Grupo
309711,Autogestão
309877,Cooperativa Médica
309907,Cooperativa Médica
310131,Cooperativa Médica
310239,Medicina de Grupo
310247,Medicina de Grupo
310301,Administradora de Benefícios
310344,Filantropia
310361,Filantropia
310522,Medicina de Grupo
310581,Medicina de Grupo
310786,Autogestão
310891,Filantropia
311057,Cooperativa Médica
311146,Cooperativa Médica
311294,Cooperativa Médica
311359,Medicina de Grupo
311375,Cooperativa Médica
311405,Medicina de Grupo
311472,Medicina de Grupo
311499,Filantropia
311618,Cooperativa Médica
311634,Autogestão
311715,Cooperativa Médica
311847,Cooperativa Médica
311944,Cooperativa Médica
311961,Cooperativa Médica
312126,Autogestão
312282,Medicina de Grupo
312304,Autogestão
312347,Cooperativa Médica
312363,Cooperativa Médica
312509,Cooperativa Médica
312592,Cooperativa Médica
312649,Cooperativa Médica
312720,Cooperativa Médica
312762,Medicina de Grupo
312851,Cooperativa Médica
312924,Autogestão
313084,Cooperativa Médica
313149,Cooperativa Médica
313211,Cooperativa Médica
313378,Filantropia
313475,Cooperativa Médica
313904,Autogestão
313955,Cooperativa Médica
313971,Cooperativa Médica
314099,Cooperativa Médica
314102,Filantropia
314170,Medicina de Grupo
314218,Filantropia
314242,Cooperativa Médica
314251,Autogestão
314587,Cooperativa Médica
314609,Medicina de Grupo
314668,Autogestão
314706,Filantropia
314781,Cooperativa Médica
315044,Autogestão
315265,Medicina de Grupo
315478,Autogestão
315494,Cooperativa Médica
315516,Medicina de Grupo
315567,Autogestão
315583,Autogestão
315630,Medicina de Grupo
315648,Cooperativa Médica
315681,Filantropia
315729,Cooperativa Médica
315796,Cooperativa Médica
315893,Filantropia
316148,Cooperativa Médica
316172,Cooperativa Médica
316296,Medicina de Grupo
316458,Cooperativa Médica
316491,Filantropia
316741,Cooperativa Médica
316849,Autogestão
316873,Autogestão
316881,Cooperativa Médica
316903,Medicina de Grupo
317012,Cooperativa Médica
317144,Cooperativa Médica
317187,Cooperativa Médica
317233,Autogestão
317306,Medicina de Grupo
317632,Autogestão
317896,Cooperativa Médica
318035,Cooperativa Médica
318213,Cooperativa Médica
318299,Filantropia
318388,Cooperativa Médica
318477,Medicina de Grupo
318566,Cooperativa Médica
319121,Cooperativa Médica
319147,Medicina de Grupo
319180,Medicina de Grupo
319368,Medicina de Grupo
319384,Cooperativa Médica
319422,Filantropia
319597,Cooperativa Médica
319708,Cooperativa Médica
319872,Medicina de Grupo
319996,Cooperativa Médica
320251,Cooperativa Médica
320269,Medicina de Grupo
320510,Cooperativa Médica
320587,Autogestão
320633,Autogestão
320684,Filantropia
320706,Cooperativa Médica
320790,Medicina de Grupo
320820,Autogestão
320838,Cooperativa Médica
320862,Cooperativa Médica
320889,Medicina de Grupo
320897,Cooperativa Médica
321036,Cooperativa Médica
321044,Cooperativa Médica
321087,Cooperativa Médica
321095,Filantropia
321273,Cooperativa Médica
321320,Filantropia
321338,Medicina de Grupo
321826,Medicina de Grupo
321869,Autogestão
321931,Filantropia
321958,Cooperativa Médica
322261,Cooperativa Médica
322326,Filantropia
322466,Medicina de Grupo
322547,Cooperativa Médica
322571,Cooperativa Médica
322831,Cooperativa Médica
322920,Filantropia
323004,Cooperativa Médica
323055,Cooperativa Médica
323080,Autogestão
323268,Cooperativa Médica
323349,Medicina de Grupo
323357,Cooperativa Médica
323811,Medicina de Grupo
323926,Cooperativa Médica
323942,Filantropia
323977,Filantropia
323993,Cooperativa Médica
324159,Cooperativa Médica
324175,Cooperativa Médica
324213,Cooperativa Médica
324299,Medicina de Grupo
324345,Cooperativa Médica
324361,Medicina de Grupo
324477,Autogestão
324485,Autogestão
324493,Autogestão
324523,Cooperativa Médica
324566,Cooperativa Médica
324698,Medicina de Grupo
324809,Medicina de Grupo
324892,Autogestão
325031,Cooperativa Médica
325074,Medicina de Grupo
325082,Cooperativa Médica
325236,Medicina de Grupo
325457,Autogestão
325465,Medicina de Grupo
325571,Cooperativa Médica
325759,Cooperativa Médica
326089,Cooperativa Médica
326305,Medicina de Grupo
326356,Medicina de Grupo
326500,Medicina de Grupo
326755,Filantropia
326861,Medicina de Grupo
327263,Cooperativa Médica
327328,Medicina de Grupo
327352,Cooperativa Médica
327417,Medicina de Grupo
327468,Cooperativa Médica
327492,Medicina de Grupo
327557,Autogestão
327638,Cooperativa Médica
327689,Cooperativa Médica
328031,Cooperativa Médica
328073,Cooperativa Médica
328294,Cooperativa Médica
328308,Cooperativa Médica
328332,Medicina de Grupo
328375,Cooperativa Médica
328537,Medicina de Grupo
328561,Autogestão
328596,Cooperativa Médica
328774,Medicina de Grupo
329207,Medicina de Grupo
329266,Medicina de Grupo
329282,Autogestão
329339,Cooperativa Médica
329355,Filantropia
329525,Medicina de Grupo
329665,Autogestão
329886,Cooperativa Médica
330027,Autogestão
330051,Autogestão
330108,Cooperativa Médica
330116,Filantropia
330141,Medicina de Grupo
330183,Autogestão
330264,Cooperativa Médica
330281,Autogestão
330337,Filantropia
330566,Cooperativa Médica
330809,Autogestão
330876,Filantropia
330892,Medicina de Grupo
330957,Medicina de Grupo
331309,Medicina de Grupo
331317,Autogestão
331341,Cooperativa Médica
331490,Medicina de Grupo
331635,Autogestão
331651,Cooperativa Médica
331805,Filantropia
331856,Autogestão
331872,Cooperativa Médica
331988,Autogestão
332291,Medicina de Grupo
333051,Cooperativa Médica
333221,Cooperativa Médica
333328,Medicina de Grupo
333514,Filantropia
333638,Medicina de Grupo
333662,Cooperativa Médica
333689,Medicina de Grupo
333719,Cooperativa Médica
333735,Medicina de Grupo
333808,Filantropia
333867,Medicina de Grupo
333875,Filantropia
333981,Medicina de Grupo
334154,Cooperativa Médica
334189,Autogestão
334511,Cooperativa Médica
334561,Cooperativa Médica
334651,Filantropia
334685,Autogestão
334847,Cooperativa Médica
335070,Medicina de Grupo
335100,Cooperativa Médica
335215,Cooperativa Médica
335479,Cooperativa Médica
335517,Cooperativa Médica
335541,Cooperativa Médica
335592,Cooperativa Médica
335614,Medicina de Grupo
335657,Medicina de Grupo
335690,Cooperativa Médica
335754,Autogestão
335762,Filantropia
335789,Autogestão
335801,Medicina de Grupo
335851,Medicina de Grupo
336084,Filantropia
336106,Cooperativa Médica
336165,Autogestão
336432,Cooperativa Médica
336441,Autogestão
336467,Cooperativa Médica
336831,Filantropia
336858,Cooperativa Médica
337188,Cooperativa Médica
337374,Cooperativa Médica
337498,Cooperativa Médica
337510,Medicina de Grupo
337561,Cooperativa Médica
337668,Cooperativa Médica
337714,Medicina de Grupo
337781,Medicina de Grupo
337871,Cooperativa Médica
338206,Medicina de Grupo
338214,Filantropia
338346,Medicina de Grupo
338362,Medicina de Grupo
338559,Cooperativa Médica
338613,Autogestão
338648,Autogestão
338915,Autogestão
339032,Medicina de Grupo
339091,Medicina de Grupo
339245,Medicina de Grupo
339270,Autogestão
339539,Filantropia
339601,Medicina de Grupo
339636,Autogestão
339679,Cooperativa Médica
339750,Medicina de Grupo
339954,Filantropia
340065,Autogestão
340146,Medicina de Grupo
340162,Medicina de Grupo
340251,Cooperativa Médica
340561,Medicina de Grupo
340782,Medicina de Grupo
340936,Medicina de Grupo
340952,Cooperativa Médica
341371,Autogestão
341819,Cooperativa Médica
341941,Medicina de Grupo
342033,Medicina de Grupo
342084,Cooperativa Médica
342131,Cooperativa Médica
342157,Cooperativa Médica
342343,Cooperativa Médica
342386,Cooperativa Médica
342408,Medicina de Grupo
342467,Medicina de Grupo
342505,Medicina de Grupo
342556,Filantropia
342611,Autogestão
342637,Autogestão
342807,Filantropia
342858,Autogestão
342955,Medicina de Grupo
343013,Medicina de Grupo
343064,Medicina de Grupo
343129,Autogestão
343153,Cooperativa Médica
343269,Cooperativa Médica
343315,Cooperativa Médica
343331,Autogestão
343340,Autogestão
343463,Medicina de Grupo
343676,Medicina de Grupo
343684,Cooperativa Médica
343722,Cooperativa Médica
343731,Cooperativa Médica
343765,Cooperativa Médica
343811,Medicina de Grupo
343871,Autogestão
343889,Cooperativa Médica
343901,Autogestão
344010,Autogestão
344141,Cooperativa Médica
344150,Cooperativa Médica
344184,Autogestão
344362,Medicina de Grupo
344397,Cooperativa Médica
344443,Medicina de Grupo
344699,Autogestão
344729,Cooperativa Médica
344788,Cooperativa Médica
344800,Medicina de Grupo
344885,Cooperativa Médica
344915,Filantropia
345091,Filantropia
345164,Autogestão
345270,Cooperativa Médica
345458,Cooperativa Médica
345474,Autogestão
345598,Cooperativa Médica
345628,Autogestão
345695,Autogestão
345709,Cooperativa Médica
345741,Filantropia
345776,Cooperativa Médica
346209,Cooperativa Médica
346276,Cooperativa Médica
346292,Medicina de Grupo
346390,Autogestão
346403,Autogestão
346471,Medicina de Grupo
346659,Autogestão
346870,Medicina de Grupo
346926,Autogestão
346951,Cooperativa Médica
347108,Cooperativa Médica
347230,Cooperativa Médica
347361,Cooperativa Médica
347507,Cooperativa Médica
347591,Medicina de Grupo
347655,Filantropia
347736,Cooperativa Médica
347744,Medicina de Grupo
347825,Autogestão
348066,Cooperativa Médica
348082,Cooperativa Médica
348180,Medicina de Grupo
348244,Cooperativa Médica
348261,Cooperativa Médica
348295,Cooperativa Médica
348406,Cooperativa Médica
348520,Medicina de Grupo
348732,Medicina de Grupo
348805,Medicina de Grupo
348830,Medicina de Grupo
348864,Medicina de Grupo
348899,Cooperativa Médica
349127,Medicina de Grupo
349194,Medicina de Grupo
349534,Cooperativa Médica
349682,Medicina de Grupo
349712,Cooperativa Médica
349739,Cooperativa Médica
349755,Medicina de Grupo
349844,Autogestão
350095,Medicina de Grupo
350141,Medicina de Grupo
350249,Medicina de Grupo
350338,Filantropia
350346,Cooperativa Médica
350362,Medicina de Grupo
350371,Cooperativa Médica
350648,Cooperativa Médica
350699,Medicina de Grupo
350729,Medicina de Grupo
351091,Medicina de Grupo
351202,Cooperativa Médica
351270,Medicina de Grupo
351407,Cooperativa Médica
351644,Medicina de Grupo
351679,Filantropia
351695,Filantropia
351776,Cooperativa Médica
351792,Cooperativa Médica
352055,Medicina de Grupo
352179,Cooperativa Médica
352187,Filantropia
352314,Cooperativa Médica
352331,Autogestão
352501,Cooperativa Médica
352519,Cooperativa Médica
352543,Cooperativa Médica
352586,Medicina de Grupo
352683,Cooperativa Médica
352861,Cooperativa Médica
352888,Autogestão
353027,Cooperativa Médica
353060,Cooperativa Médica
353264,Filantropia
353353,Cooperativa Médica
353574,Cooperativa Médica
353663,Cooperativa Médica
353698,Cooperativa Médica
353761,Autogestão
353876,Cooperativa Médica
354031,Cooperativa Médica
354066,Cooperativa Médica
354279,Cooperativa Médica
354295,Cooperativa Médica
354325,Cooperativa Médica
354350,Filantropia
354511,Medicina de Grupo
354554,Medicina de Grupo
354562,Filantropia
354571,Autogestão
354619,Cooperativa Médica
354627,Cooperativa Médica
354678,Cooperativa Médica
354783,Cooperativa Médica
354996,Cooperativa Médica
355071,Autogestão
355097,Medicina de Grupo
355135,Autogestão
355151,Autogestão
355241,Medicina de Grupo
355356,Cooperativa Médica
355577,Cooperativa Médica
355593,Cooperativa Médica
355691,Cooperativa Médica
355721,Cooperativa Médica
355879,Medicina de Grupo
355950,Filantropia
356107,Cooperativa Médica
356123,Cooperativa Médica
356140,Autogestão
356191,Cooperativa Médica
356212,Cooperativa Médica
356417,Cooperativa Médica
356476,Autogestão
356573,Medicina de Grupo
356581,Cooperativa Médica
356891,Autogestão
357014,Medicina de Grupo
357022,Cooperativa Médica
357065,Cooperativa Médica
357138,Cooperativa Médica
357227,Filantropia
357260,Cooperativa Médica
357383,Filantropia
357391,Cooperativa Médica
357511,Medicina de Grupo
357669,Autogestão
357685,Medicina de Grupo
357715,Cooperativa Médica
357910,Autogestão
357987,Autogestão
358053,Medicina de Grupo
358088,Cooperativa Médica
358096,Cooperativa Médica
358126,Medicina de Grupo
358169,Cooperativa Médica
358282,Cooperativa Médica
358410,Autogestão
358509,Medicina de Grupo
358711,Medicina de Grupo
358720,Autogestão
358744,Medicina de Grupo
358754,Autogestão
359017,Medicina de Grupo
359033,Cooperativa Médica
359068,Medicina de Grupo
359122,Autogestão
359289,Cooperativa Médica
359521,Autogestão
359661,Medicina de Grupo
359777,Cooperativa Médica
360147,Medicina de Grupo
360244,Medicina de Grupo
360414,Cooperativa Médica
360449,Cooperativa Médica
360465,Medicina de Grupo
360481,Medicina de Grupo
360767,Cooperativa Médica
360783,Medicina de Grupo
360961,Medicina de Grupo
361011,Autogestão
361461,Autogestão
361518,Cooperativa Médica
361615,Cooperativa Médica
361836,Medicina de Grupo
361852,Medicina de Grupo
361941,Cooperativa Médica
362140,Cooperativa Médica
362182,Medicina de Grupo
362573,Cooperativa Médica
362620,Cooperativa Médica
362832,Cooperativa Médica
363111,Filantropia
363189,Medicina de Grupo
363286,Cooperativa Médica
363391,Medicina de Grupo
363413,Autogestão
363511,Filantropia
363685,Filantropia
363766,Medicina de Grupo
363774,Cooperativa Médica
363855,Autogestão
363944,Cooperativa Médica
364070,Cooperativa Médica
364312,Cooperativa Médica
364584,Cooperativa Médica
364592,Medicina de Grupo
364860,Cooperativa Médica
364941,Medicina de Grupo
365238,Cooperativa Médica
365351,Medicina de Grupo
365530,Cooperativa Médica
365645,Medicina de Grupo
365777,Cooperativa Médica
366064,Cooperativa Médica
366145,Cooperativa Médica
366234,Autogestão
366340,Cooperativa Médica
366366,Autogestão
366455,Autogestão
366561,Medicina de Grupo
366811,Cooperativa Médica
366871,Autogestão
367087,Cooperativa Médica
367095,Medicina de Grupo
367397,Cooperativa Médica
367486,Filantropia
367613,Cooperativa Médica
367729,Medicina de Grupo
367877,Autogestão
368130,Medicina de Grupo
368148,Cooperativa Médica
368253,Medicina de Grupo
368415,Medicina de Grupo
368849,Medicina de Grupo
368920,Autogestão
369012,Medicina de Grupo
369233,Cooperativa Médica
369292,Cooperativa Médica
369373,Medicina de Grupo
369411,Cooperativa Médica
369659,Cooperativa Médica
370070,Cooperativa Médica
370088,Cooperativa Médica
370258,Medicina de Grupo
370321,Autogestão
370363,Medicina de Grupo
370584,Medicina de Grupo
370592,Medicina de Grupo
370681,Cooperativa Médica
370975,Cooperativa Médica
371106,Cooperativa Médica
371254,Cooperativa Médica
371564,Cooperativa Médica
371629,Cooperativa Médica
371777,Cooperativa Médica
372404,Filantropia
372561,Cooperativa Médica
372609,Medicina de Grupo
372960,Medicina de Grupo
373010,Medicina de Grupo
373141,Medicina de Grupo
374300,Autogestão
374903,Medicina de Grupo
375268,Medicina de Grupo
376604,Medicina de Grupo
376663,Medicina de Grupo
378038,Filantropia
378216,Autogestão
379280,Medicina de Grupo
379778,Cooperativa Médica
379956,Medicina de Grupo
380661,Autogestão
381161,Medicina de Grupo
381799,Autogestão
382108,Autogestão
382281,Medicina de Grupo
382540,Medicina de Grupo
382639,Autogestão
382833,Autogestão
382868,Medicina de Grupo
382876,Cooperativa Médica
383317,Autogestão
383520,Cooperativa Médica
383945,Medicina de Grupo
384003,Medicina de Grupo
384054,Filantropia
384356,Medicina de Grupo
384577,Cooperativa Médica
384585,Medicina de Grupo
384704,Autogestão
385255,Medicina de Grupo
385620,Cooperativa Médica
385697,Autogestão
385751,Cooperativa Médica
386588,Cooperativa Médica
386596,Cooperativa Médica
386871,Autogestão
386898,Medicina de Grupo
386901,Cooperativa Médica
387185,Autogestão
387495,Medicina de Grupo
388092,Autogestão
389421,Cooperativa Médica
390178,Filantropia
390259,Autogestão
390372,Autogestão
392391,Medicina de Grupo
392405,Autogestão
392804,Medicina de Grupo
393321,Cooperativa Médica
393533,Autogestão
394271,Filantropia
394734,Medicina de Grupo
395480,Medicina de Grupo
400190,Medicina de Grupo
400319,Filantropia
400360,Filantropia
400742,Filantropia
400785,Medicina de Grupo
400891,Autogestão
401081,Medicina de Grupo
401137,Filantropia
401196,Medicina de Grupo
401480,Medicina de Grupo
401846,Medicina de Grupo
401960,Autogestão
402001,Medicina de Grupo
402036,Medicina de Grupo
402052,Autogestão
402141,Medicina de Grupo
402206,Autogestão
402265,Autogestão
402303,Medicina de Grupo
402346,Medicina de Grupo
402354,Medicina de Grupo
402362,Medicina de Grupo
402478,Medicina de Grupo
402541,Medicina de Grupo
402583,Medicina de Grupo
402770,Medicina de Grupo
402796,Medicina de Grupo
402834,Cooperativa Médica
402851,Medicina de Grupo
402893,Medicina de Grupo
402923,Filantropia
402966,Medicina de Grupo
402991,Medicina de Grupo
403130,Medicina de Grupo
403237,Medicina de Grupo
403334,Medicina de Grupo
403369,Medicina de Grupo
403407,Autogestão
403580,Filantropia
403784,Medicina de Grupo
403814,Autogestão
403849,Medicina de Grupo
403911,Medicina de Grupo
403920,Filantropia
403962,Medicina de Grupo
404047,Medicina de Grupo
404152,Autogestão
404241,Autogestão
404527,Medicina de Grupo
404543,Medicina de Grupo
404888,Medicina de Grupo
404993,Medicina de Grupo
405051,Medicina de Grupo
405086,Medicina de Grupo
405141,Medicina de Grupo
405281,Medicina de Grupo
405639,Medicina de Grupo
405795,Medicina de Grupo
406201,Medicina de Grupo
406210,Medicina de Grupo
406457,Filantropia
406554,Filantropia
406589,Medicina de Grupo
406635,Autogestão
406643,Medicina de Grupo
406708,Medicina de Grupo
406805,Medicina de Grupo
406813,Autogestão
406937,Autogestão
406945,Autogestão
407011,Medicina de Grupo
407062,Cooperativa Médica
407097,Autogestão
407224,Medicina de Grupo
407534,Medicina de Grupo
407542,Medicina de Grupo
407551,Medicina de Grupo
407569,Autogestão
407593,Medicina de Grupo
407607,Medicina de Grupo
407623,Medicina de Grupo
407755,Medicina de Grupo
407844,Medicina de Grupo
407968,Medicina de Grupo
408026,Autogestão
408034,Autogestão
408093,Autogestão
408221,Medicina de Grupo
408263,Autogestão
408280,Medicina de Grupo
408506,Filantropia
408514,Filantropia
408522,Filantropia
408531,Medicina de Grupo
408581,Medicina de Grupo
408662,Medicina de Grupo
408794,Autogestão
408824,Filantropia
408867,Medicina de Grupo
408883,Medicina de Grupo
409049,Autogestão
409189,Medicina de Grupo
409235,Medicina de Grupo
409243,Autogestão
409286,Medicina de Grupo
409405,Autogestão
409413,Autogestão
409464,Medicina de Grupo
409634,Medicina de Grupo
409707,Medicina de Grupo
409839,Filantropia
409995,Cooperativa Médica
410047,Medicina de Grupo
410110,Autogestão
410128,Autogestão
410161,Medicina de Grupo
410179,Medicina de Grupo
410187,Autogestão
410225,Autogestão
410292,Filantropia
410322,Autogestão
410365,Filantropia
410471,Medicina de Grupo
410608,Autogestão
410616,Autogestão
410624,Medicina de Grupo
410632,Medicina de Grupo
410888,Medicina de Grupo
410926,Medicina de Grupo
410985,Medicina de Grupo
411051,Medicina de Grupo
411086,Medicina de Grupo
411213,Medicina de Grupo
411248,Autogestão
411256,Medicina de Grupo
411264,Medicina de Grupo
411281,Medicina de Grupo
411434,Autogestão
411582,Medicina de Grupo
411639,Autogestão
411752,Medicina de Grupo
411809,Autogestão
411841,Filantropia
411850,Autogestão
411868,Medicina de Grupo
411931,Medicina de Grupo
412015,Medicina de Grupo
412058,Medicina de Grupo
412139,Medicina de Grupo
412171,Medicina de Grupo
412228,Medicina de Grupo
412244,Medicina de Grupo
412252,Medicina de Grupo
412295,Autogestão
412384,Medicina de Grupo
412414,Medicina de Grupo
412457,Medicina de Grupo
412481,Medicina de Grupo
412490,Autogestão
412538,Medicina de Grupo
412635,Autogestão
412643,Medicina de Grupo
412759,Medicina de Grupo
412791,Medicina de Grupo
412805,Medicina de Grupo
412848,Medicina de Grupo
412872,Autogestão
413038,Medicina de Grupo
413046,Medicina de Grupo
413071,Medicina de Grupo
413089,Medicina de Grupo
413160,Medicina de Grupo
413194,Medicina de Grupo
413241,Medicina de Grupo
413267,Medicina de Grupo
413275,Medicina de Grupo
413291,Medicina de Grupo
413305,Medicina de Grupo
413313,Filantropia
413330,Medicina de Grupo
413372,Filantropia
413399,Filantropia
413411,Medicina de Grupo
413488,Medicina de Grupo
413518,Autogestão
413534,Autogestão
413551,Medicina de Grupo
413631,Medicina de Grupo
413721,Medicina de Grupo
413755,Medicina de Grupo
413780,Medicina de Grupo
413798,Medicina de Grupo
413895,Medicina de Grupo
413984,Medicina de Grupo
414026,Autogestão
414051,Medicina de Grupo
414077,Medicina de Grupo
414131,Medicina de Grupo
414204,Administradora de Benefícios
414212,Autogestão
414247,Autogestão
414280,Medicina de Grupo
414298,Medicina de Grupo
414310,Autogestão
414352,Medicina de Grupo
414441,Administradora de Benefícios
414450,Medicina de Grupo
414492,Medicina de Grupo
414549,Autogestão
414573,Cooperativa Médica
414581,Medicina de Grupo
414638,Medicina de Grupo
414689,Autogestão
414735,Medicina de Grupo
414743,Filantropia
414905,Medicina de Grupo
414913,Autogestão
414930,Medicina de Grupo
414948,Autogestão
414956,Filantropia
414999,Autogestão
415006,Autogestão
415014,Cooperativa Médica
415049,Autogestão
415081,Medicina de Grupo
415111,Medicina de Grupo
415138,Medicina de Grupo
415189,Medicina de Grupo
415197,Medicina de Grupo
415235,Autogestão
415286,Administradora de Benefícios
415294,Administradora de Benefícios
415359,Autogestão
415405,Medicina de Grupo
415413,Medicina de Grupo
415448,Administradora de Benefícios
415511,Medicina de Grupo
415570,Medicina de Grupo
415634,Autogestão
415693,Medicina de Grupo
415723,Medicina de Grupo
415731,Autogestão
415740,Autogestão
415774,Medicina de Grupo
415847,Medicina de Grupo
415863,Medicina de Grupo
415898,Medicina de Grupo
415901,Medicina de Grupo
415910,Medicina de Grupo
415944,Medicina de Grupo
416011,Medicina de Grupo
416029,Medicina de Grupo
416045,Medicina de Grupo
416070,Autogestão
416118,Autogestão
416282,Medicina de Grupo
416304,Medicina de Grupo
416321,Medicina de Grupo
416339,Medicina de Grupo
416398,Medicina de Grupo
416401,Autogestão
416428,Medicina de Grupo
416452,Administradora de Benefícios
416495,Medicina de Grupo
416509,Autogestão
416568,Autogestão
416576,Cooperativa Médica
416584,Autogestão
416657,Autogestão
416681,Medicina de Grupo
416690,Autogestão
416703,Autogestão
416711,Medicina de Grupo
416738,Medicina de Grupo
416771,Administradora de Benefícios
416789,Administradora de Benefícios
416819,Autogestão
416860,Medicina de Grupo
416894,Autogestão
416924,Medicina de Grupo
416932,Administradora de Benefícios
416967,Autogestão
416983,Autogestão
417025,Medicina de Grupo
417033,Medicina de Grupo
417041,Autogestão
417050,Administradora de Benefícios
417076,Administradora de Benefícios
417092,Medicina de Grupo
417122,Administradora de Benefícios
417165,Administradora de Benefícios
417173,Administradora de Benefícios
417190,Administradora de Benefícios
417211,Autogestão
417238,Autogestão
417246,Medicina de Grupo
417254,Medicina de Grupo
417262,Administradora de Benefícios
417271,Administradora de Benefícios
417289,Administradora de Benefícios
417297,Autogestão
417301,Administradora de Benefícios
417319,Administradora de Benefícios
417335,Medicina de Grupo
417343,Administradora de Benefícios
417378,Administradora de Benefícios
417386,Medicina de Grupo
417408,Administradora de Benefícios
417416,Administradora de Benefícios
417424,Administradora de Benefícios
417432,Administradora de Benefícios
417441,Administradora de Benefícios
417459,Administradora de Benefícios
417467,Administradora de Benefícios
417475,Medicina de Grupo
417483,Medicina de Grupo
417491,Medicina de Grupo
417505,Outros
417513,Administradora de Benefícios
417530,Medicina de Grupo
417548,Outros
417556,Administradora de Benefícios
417564,Outros
417572,Administradora de Benefícios
417581,Outros
417599,Outros
417602,Outros
417611,Outros
417629,Administradora de Benefícios
417637,Administradora de Benefícios
417645,Outros
417653,Medicina de Grupo
417661,Outros
417670,Medicina de Grupo
417688,Administradora de Benefícios
417696,Outros
417718,Outros
417726,Administradora de Benefícios
417734,Administradora de Benefícios
417742,Medicina de Grupo
417751,Outros
417769,Outros
417777,Administradora de Benefícios
417785,Outros
417793,Administradora de Benefícios
417807,Administradora de Benefícios
417823,Medicina de Grupo
417858,Administradora de Benefícios
417866,Administradora de Benefícios
417882,Administradora de Benefícios
417891,Outros
417904,Administradora de Benefícios
417912,Administradora de Benefícios
417921,Administradora de Benefícios
417939,Administradora de Benefícios
417947,Medicina de Grupo
417955,Outros
417980,Administradora de Benefícios
417998,Outros
418005,Administradora de Benefícios
418013,Outros
418021,Medicina de Grupo
418030,Outros
418048,Outros
418056,Administradora de Benefícios
418072,Outros
418081,Administradora de Benefícios
418099,Administradora de Benefícios
418102,Administradora de Benefícios
418129,Outros
418137,Medicina de Grupo
418145,Autogestão
418161,Outros
418170,Medicina de Grupo
418188,Administradora de Benefícios
418196,Outros
418218,Medicina de Grupo
418226,Medicina de Grupo
418234,Administradora de Benefícios
418277,Outros
418285,Outros
418293,Administradora de Benefícios
418307,Outros
418323,Outros
418331,Medicina de Grupo
418374,Outros
418382,Administradora de Benefícios
418391,Administradora de Benefícios
418404,Administradora de Benefícios
418412,Filantropia
418421,Administradora de Benefícios
418439,Outros
418480,Administradora de Benefícios
418501,Medicina de Grupo
418528,Outros
418544,Administradora de Benefícios
418552,Outros
418561,Administradora de Benefícios
418951,Medicina de Grupo
419133,Autogestão
421715,Seguradora Especializada em Saúde
421766,Autogestão
999998,Outros
999999,Outros
